{"stats":{"minecraft:mined":{"minecraft:acacia_log":2,"minecraft:acacia_planks":2,"minecraft:oak_planks":4},"minecraft:picked_up":{"minecraft:acacia_planks":2,"minecraft:diamond":4,"minecraft:acacia_log":2,"minecraft:oak_planks":6,"minecraft:egg":1},"minecraft:crafted":{"minecraft:iron_chestplate":1,"minecraft:iron_boots":1,"minecraft:iron_axe":1,"minecraft:crafting_table":1,"minecraft:iron_helmet":1},"minecraft:custom":{"minecraft:time_since_rest":6206,"minecraft:open_chest":3,"minecraft:crouch_one_cm":157,"minecraft:play_time":6206,"minecraft:sprint_one_cm":2639,"minecraft:damage_taken":120,"minecraft:walk_one_cm":14256,"minecraft:sneak_time":121,"minecraft:jump":39,"minecraft:leave_game":1,"minecraft:time_since_death":6206,"minecraft:total_world_time":6206,"minecraft:interact_with_crafting_table":1,"minecraft:fly_one_cm":1534},"minecraft:used":{"minecraft:iron_chestplate":1,"minecraft:crafting_table":1,"minecraft:iron_axe":7,"minecraft:oak_planks":8,"minecraft:iron_helmet":1,"minecraft:egg":2,"minecraft:iron_boots":1}},"DataVersion":3120}