{"stats":{"minecraft:custom":{"minecraft:mob_kills":39,"minecraft:interact_with_crafting_table":30,"minecraft:open_barrel":1,"minecraft:bell_ring":109,"minecraft:leave_game":3,"minecraft:time_since_death":1458,"minecraft:climb_one_cm":2757,"minecraft:sprint_one_cm":312996,"minecraft:walk_one_cm":242997,"minecraft:damage_blocked_by_shield":1130,"minecraft:drop":31,"minecraft:play_time":143014,"minecraft:deaths":6,"minecraft:sneak_time":20898,"minecraft:walk_under_water_one_cm":5805,"minecraft:jump":2511,"minecraft:walk_on_water_one_cm":8834,"minecraft:total_world_time":143014,"minecraft:interact_with_furnace":37,"spartanshields:shield_bash_hits":2,"minecraft:sleep_in_bed":3,"minecraft:time_since_rest":1477,"minecraft:damage_taken":2948,"minecraft:damage_dealt":5897,"minecraft:swim_one_cm":9421,"minecraft:fly_one_cm":586255,"minecraft:player_kills":1,"minecraft:open_chest":16,"minecraft:crouch_one_cm":76125,"minecraft:interact_with_smoker":2,"minecraft:fall_one_cm":73998},"minecraft:crafted":{"minecraft:oak_planks":16,"minecraft:furnace":3,"minecraft:diamond_shovel":1,"minecraft:iron_boots":1,"minecraft:stone_pickaxe":1,"minecraft:chest":2,"minecraft:cooked_beef":11,"sophisticatedbackpacks:backpack":1,"minecraft:cooked_porkchop":12,"minecraft:crafting_table":2,"minecraft:wooden_pickaxe":1,"minecraft:iron_helmet":1,"minecraft:acacia_trapdoor":2,"minecraft:stone_axe":1,"minecraft:air":0,"minecraft:diamond_pickaxe":1,"minecraft:charcoal":6,"minecraft:shield":1,"minecraft:stick":20,"minecraft:iron_ingot":31,"minecraft:iron_pickaxe":3,"minecraft:iron_leggings":1,"minecraft:white_bed":1,"minecraft:acacia_planks":80,"minecraft:torch":4,"minecraft:diamond_chestplate":1},"minecraft:mined":{"minecraft:tuff":15,"minecraft:deepslate_diamond_ore":12,"minecraft:granite":5,"minecraft:acacia_log":16,"minecraft:grass_block":40,"minecraft:deepslate_tile_stairs":1,"minecraft:polished_blackstone_pressure_plate":1,"minecraft:spawner":1,"minecraft:furnace":6,"minecraft:iron_ore":9,"minecraft:acacia_wood":10,"minecraft:andesite":15,"minecraft:deepslate_lapis_ore":11,"minecraft:bell":4,"minecraft:deepslate_iron_ore":22,"minecraft:dirt_path":33,"minecraft:rail":2,"horror_element_mod:crucified_body":1,"minecraft:stone":66,"minecraft:white_wool":2,"minecraft:orange_bed":6,"minecraft:deepslate_redstone_ore":6,"minecraft:acacia_leaves":1,"minecraft:red_bed":1,"minecraft:soul_lantern":3,"minecraft:crafting_table":5,"minecraft:melon":9,"minecraft:tall_grass":19,"minecraft:cobblestone":5,"minecraft:lapis_ore":5,"minecraft:deepslate_gold_ore":27,"minecraft:sugar_cane":11,"minecraft:oak_planks":1,"minecraft:diorite":30,"minecraft:wall_torch":2,"horror_element_mod:spiked_villager":1,"minecraft:grass":89,"minecraft:oak_log":5,"minecraft:coal_ore":5,"minecraft:dirt":139,"minecraft:gravel":2,"minecraft:cobweb":25,"minecraft:oak_leaves":4,"minecraft:deepslate":440},"minecraft:used":{"minecraft:chest":1,"minecraft:shield":18,"minecraft:iron_sword":226,"minecraft:bell":4,"minecraft:orange_bed":6,"minecraft:torch":9,"minecraft:dirt":128,"minecraft:tuff":1,"minecraft:diamond_chestplate":1,"minecraft:furnace":9,"minecraft:cooked_beef":5,"minecraft:cobbled_deepslate":161,"minecraft:diorite":30,"minecraft:acacia_trapdoor":2,"minecraft:stone_pickaxe":130,"minecraft:oak_planks":5,"minecraft:wooden_pickaxe":6,"minecraft:crafting_table":7,"minecraft:red_bed":1,"minecraft:white_bed":1,"sophisticatedbackpacks:backpack":2,"minecraft:diamond_pickaxe":23,"minecraft:diamond_shovel":178,"minecraft:iron_pickaxe":548,"minecraft:soul_lantern":4,"minecraft:stone_axe":52,"minecraft:cobblestone":54,"minecraft:cooked_porkchop":16},"minecraft:picked_up":{"minecraft:charcoal":1,"minecraft:crafting_table":5,"minecraft:chicken":2,"minecraft:wooden_pickaxe":1,"minecraft:string":26,"minecraft:red_bed":1,"minecraft:cobbled_deepslate":444,"minecraft:beef":12,"minecraft:light_gray_wool":1,"minecraft:melon_slice":45,"minecraft:sugar_cane":13,"minecraft:furnace":6,"minecraft:raw_iron":31,"minecraft:torch":5,"minecraft:acacia_log":16,"minecraft:porkchop":23,"minecraft:diorite":30,"minecraft:redstone":29,"minecraft:deepslate_tile_stairs":1,"minecraft:orange_bed":6,"minecraft:rotten_flesh":8,"minecraft:arrow":2,"minecraft:mutton":19,"minecraft:rail":2,"minecraft:white_wool":13,"minecraft:cobblestone":74,"minecraft:feather":2,"minecraft:andesite":22,"minecraft:leather":8,"minecraft:acacia_wood":10,"minecraft:tuff":29,"minecraft:oak_log":4,"minecraft:gunpowder":1,"minecraft:lapis_lazuli":111,"minecraft:dirt":216,"minecraft:bone":4,"minecraft:acacia_planks":3,"minecraft:wheat_seeds":29,"minecraft:raw_gold":27,"minecraft:bell":4,"minecraft:oak_planks":1,"minecraft:cooked_porkchop":4,"minecraft:gravel":2,"minecraft:diamond":12,"minecraft:polished_blackstone_pressure_plate":1,"minecraft:soul_lantern":3,"minecraft:granite":4,"minecraft:oak_sapling":1,"minecraft:black_wool":1,"minecraft:coal":5},"minecraft:broken":{"minecraft:stone_pickaxe":1,"minecraft:iron_pickaxe":2},"minecraft:killed_by":{"minecraft:player":1,"minecraft:creeper":1,"sanitydim:sneaking_terror":1,"minecraft:skeleton":1},"minecraft:dropped":{"minecraft:wheat_seeds":6,"minecraft:cobblestone":2,"minecraft:granite":4,"minecraft:rail":2,"minecraft:dirt":1,"minecraft:black_candle":2,"minecraft:tuff":14,"minecraft:gunpowder":1,"minecraft:andesite":7,"minecraft:oak_sapling":1,"minecraft:arrow":2,"minecraft:wooden_pickaxe":2},"minecraft:killed":{"midnightlurker:midnight_lurker_unprovoked":1,"minecraft:skeleton":2,"minecraft:chicken":2,"minecraft:pig":10,"minecraft:sheep":14,"minecraft:zombie":1,"minecraft:cow":7}},"DataVersion":3120}