{"stats":{"minecraft:crafted":{"minecraft:cooked_beef":11,"minecraft:oak_planks":16,"minecraft:cooked_porkchop":12,"minecraft:crafting_table":2,"minecraft:wooden_pickaxe":1,"minecraft:iron_helmet":1,"minecraft:acacia_trapdoor":2,"minecraft:furnace":3,"minecraft:diamond_shovel":1,"minecraft:stone_axe":1,"minecraft:air":0,"minecraft:iron_boots":1,"minecraft:diamond_pickaxe":1,"minecraft:charcoal":6,"minecraft:shield":1,"minecraft:stick":20,"minecraft:iron_ingot":31,"minecraft:iron_pickaxe":3,"minecraft:stone_pickaxe":1,"minecraft:chest":1,"minecraft:iron_leggings":1,"minecraft:acacia_planks":40,"minecraft:torch":4,"minecraft:diamond_chestplate":1},"minecraft:used":{"minecraft:diorite":30,"minecraft:acacia_trapdoor":2,"minecraft:stone_pickaxe":130,"minecraft:oak_planks":5,"minecraft:chest":1,"minecraft:wooden_pickaxe":6,"minecraft:shield":5,"minecraft:iron_sword":127,"minecraft:bell":4,"minecraft:orange_bed":6,"minecraft:torch":8,"minecraft:dirt":101,"minecraft:red_bed":1,"minecraft:crafting_table":7,"minecraft:tuff":1,"minecraft:diamond_pickaxe":5,"minecraft:diamond_shovel":178,"minecraft:iron_pickaxe":548,"minecraft:soul_lantern":4,"minecraft:stone_axe":48,"minecraft:diamond_chestplate":1,"minecraft:cobblestone":54,"minecraft:furnace":9,"minecraft:cooked_porkchop":11,"minecraft:cooked_beef":2,"minecraft:cobbled_deepslate":161},"minecraft:broken":{"minecraft:stone_pickaxe":1,"minecraft:iron_pickaxe":2},"minecraft:killed_by":{"minecraft:player":1,"minecraft:skeleton":1,"minecraft:creeper":1},"minecraft:picked_up":{"minecraft:charcoal":1,"minecraft:crafting_table":5,"minecraft:andesite":7,"minecraft:leather":6,"minecraft:wooden_pickaxe":1,"minecraft:acacia_wood":9,"minecraft:tuff":15,"minecraft:oak_log":4,"minecraft:gunpowder":1,"minecraft:dirt":208,"minecraft:lapis_lazuli":111,"minecraft:string":26,"minecraft:red_bed":1,"minecraft:bone":4,"minecraft:acacia_planks":3,"minecraft:wheat_seeds":25,"minecraft:cobbled_deepslate":444,"minecraft:raw_gold":27,"minecraft:bell":4,"minecraft:beef":11,"minecraft:melon_slice":45,"minecraft:sugar_cane":4,"minecraft:oak_planks":1,"minecraft:furnace":6,"minecraft:raw_iron":31,"minecraft:cooked_porkchop":4,"minecraft:torch":5,"minecraft:acacia_log":16,"minecraft:gravel":2,"minecraft:porkchop":20,"minecraft:diorite":30,"minecraft:redstone":29,"minecraft:orange_bed":6,"minecraft:arrow":2,"minecraft:diamond":12,"minecraft:soul_lantern":3,"minecraft:granite":4,"minecraft:oak_sapling":1,"minecraft:mutton":4,"minecraft:coal":5,"minecraft:white_wool":3,"minecraft:rail":2,"minecraft:cobblestone":70},"minecraft:custom":{"minecraft:interact_with_furnace":37,"minecraft:mob_kills":22,"minecraft:interact_with_crafting_table":24,"minecraft:open_barrel":1,"minecraft:bell_ring":108,"minecraft:leave_game":1,"minecraft:time_since_death":63042,"minecraft:climb_one_cm":1262,"minecraft:time_since_rest":63067,"minecraft:sprint_one_cm":214162,"minecraft:damage_taken":2238,"minecraft:walk_one_cm":181118,"minecraft:damage_blocked_by_shield":360,"minecraft:drop":16,"minecraft:damage_dealt":3416,"minecraft:swim_one_cm":4871,"minecraft:fly_one_cm":285439,"minecraft:player_kills":1,"minecraft:open_chest":8,"minecraft:crouch_one_cm":75510,"minecraft:play_time":121474,"minecraft:deaths":5,"minecraft:sneak_time":20639,"minecraft:walk_under_water_one_cm":3491,"minecraft:jump":1477,"minecraft:walk_on_water_one_cm":6229,"minecraft:total_world_time":121474,"minecraft:interact_with_smoker":2,"minecraft:fall_one_cm":40069},"minecraft:dropped":{"minecraft:wheat_seeds":6,"minecraft:rail":2,"minecraft:dirt":1,"minecraft:black_candle":2,"minecraft:oak_sapling":1,"minecraft:arrow":2,"minecraft:wooden_pickaxe":2},"minecraft:killed":{"minecraft:pig":9,"midnightlurker:midnight_lurker_unprovoked":1,"minecraft:sheep":3,"minecraft:skeleton":2,"minecraft:zombie":1,"minecraft:cow":6},"minecraft:mined":{"minecraft:deepslate_redstone_ore":6,"minecraft:tuff":15,"minecraft:acacia_leaves":1,"minecraft:red_bed":1,"minecraft:deepslate_diamond_ore":12,"minecraft:soul_lantern":3,"minecraft:crafting_table":5,"minecraft:granite":5,"minecraft:acacia_log":16,"minecraft:grass_block":40,"minecraft:melon":9,"minecraft:tall_grass":6,"minecraft:cobblestone":3,"minecraft:lapis_ore":5,"minecraft:deepslate_gold_ore":27,"minecraft:sugar_cane":3,"minecraft:oak_planks":1,"minecraft:diorite":30,"minecraft:wall_torch":2,"minecraft:spawner":1,"minecraft:furnace":6,"minecraft:iron_ore":9,"minecraft:acacia_wood":9,"minecraft:andesite":7,"minecraft:deepslate_lapis_ore":11,"minecraft:bell":4,"minecraft:grass":42,"minecraft:oak_log":5,"minecraft:coal_ore":5,"minecraft:deepslate_iron_ore":22,"minecraft:dirt_path":33,"minecraft:rail":2,"minecraft:dirt":131,"minecraft:gravel":2,"minecraft:cobweb":25,"minecraft:stone":66,"minecraft:orange_bed":6,"minecraft:oak_leaves":4,"minecraft:deepslate":440}},"DataVersion":3120}