{"stats":{"minecraft:mined":{"minecraft:deepslate_redstone_ore":6,"minecraft:tuff":15,"minecraft:acacia_leaves":1,"minecraft:red_bed":1,"minecraft:deepslate_diamond_ore":12,"minecraft:soul_lantern":3,"minecraft:crafting_table":5,"minecraft:granite":5,"minecraft:acacia_log":16,"minecraft:grass_block":40,"minecraft:melon":9,"minecraft:tall_grass":8,"minecraft:cobblestone":5,"minecraft:deepslate_gold_ore":27,"minecraft:lapis_ore":5,"minecraft:oak_planks":1,"minecraft:sugar_cane":11,"minecraft:diorite":30,"minecraft:wall_torch":2,"minecraft:spawner":1,"minecraft:furnace":6,"minecraft:iron_ore":9,"minecraft:acacia_wood":10,"minecraft:andesite":15,"minecraft:deepslate_lapis_ore":11,"minecraft:bell":4,"minecraft:grass":46,"minecraft:coal_ore":5,"minecraft:oak_log":5,"minecraft:deepslate_iron_ore":22,"minecraft:dirt_path":33,"minecraft:rail":2,"minecraft:gravel":2,"minecraft:dirt":136,"minecraft:cobweb":25,"minecraft:stone":66,"minecraft:oak_leaves":4,"minecraft:deepslate":440,"minecraft:orange_bed":6},"minecraft:killed":{"minecraft:pig":9,"midnightlurker:midnight_lurker_unprovoked":1,"minecraft:sheep":6,"minecraft:skeleton":2,"minecraft:zombie":1,"minecraft:cow":6},"minecraft:picked_up":{"minecraft:charcoal":1,"minecraft:crafting_table":5,"minecraft:andesite":22,"minecraft:leather":6,"minecraft:wooden_pickaxe":1,"minecraft:acacia_wood":10,"minecraft:tuff":29,"minecraft:oak_log":4,"minecraft:gunpowder":1,"minecraft:lapis_lazuli":111,"minecraft:dirt":213,"minecraft:string":26,"minecraft:red_bed":1,"minecraft:bone":4,"minecraft:acacia_planks":3,"minecraft:wheat_seeds":25,"minecraft:cobbled_deepslate":444,"minecraft:raw_gold":27,"minecraft:bell":4,"minecraft:beef":11,"minecraft:light_gray_wool":1,"minecraft:melon_slice":45,"minecraft:sugar_cane":13,"minecraft:oak_planks":1,"minecraft:furnace":6,"minecraft:raw_iron":31,"minecraft:cooked_porkchop":4,"minecraft:torch":5,"minecraft:acacia_log":16,"minecraft:gravel":2,"minecraft:porkchop":20,"minecraft:diorite":30,"minecraft:redstone":29,"minecraft:orange_bed":6,"minecraft:arrow":2,"minecraft:diamond":12,"minecraft:soul_lantern":3,"minecraft:granite":4,"minecraft:oak_sapling":1,"minecraft:mutton":9,"minecraft:coal":5,"minecraft:white_wool":5,"minecraft:rail":2,"minecraft:cobblestone":74},"minecraft:dropped":{"minecraft:wheat_seeds":6,"minecraft:tuff":14,"minecraft:cobblestone":2,"minecraft:granite":4,"minecraft:rail":2,"minecraft:dirt":1,"minecraft:black_candle":2,"minecraft:gunpowder":1,"minecraft:andesite":7,"minecraft:oak_sapling":1,"minecraft:arrow":2,"minecraft:wooden_pickaxe":2},"minecraft:crafted":{"minecraft:cooked_beef":11,"minecraft:oak_planks":16,"sophisticatedbackpacks:backpack":1,"minecraft:cooked_porkchop":12,"minecraft:crafting_table":2,"minecraft:iron_helmet":1,"minecraft:wooden_pickaxe":1,"minecraft:acacia_trapdoor":2,"minecraft:furnace":3,"minecraft:diamond_shovel":1,"minecraft:stone_axe":1,"minecraft:air":0,"minecraft:iron_boots":1,"minecraft:charcoal":6,"minecraft:diamond_pickaxe":1,"minecraft:shield":1,"minecraft:stick":20,"minecraft:iron_ingot":31,"minecraft:iron_pickaxe":3,"minecraft:stone_pickaxe":1,"minecraft:chest":2,"minecraft:iron_leggings":1,"minecraft:white_bed":1,"minecraft:acacia_planks":80,"minecraft:torch":4,"minecraft:diamond_chestplate":1},"minecraft:broken":{"minecraft:stone_pickaxe":1,"minecraft:iron_pickaxe":2},"minecraft:killed_by":{"minecraft:player":1,"minecraft:skeleton":1,"minecraft:creeper":1},"minecraft:custom":{"minecraft:interact_with_furnace":37,"spartanshields:shield_bash_hits":2,"minecraft:mob_kills":27,"minecraft:interact_with_crafting_table":30,"minecraft:open_barrel":1,"minecraft:bell_ring":109,"minecraft:leave_game":2,"minecraft:time_since_death":74707,"minecraft:sleep_in_bed":3,"minecraft:climb_one_cm":1262,"minecraft:time_since_rest":4358,"minecraft:sprint_one_cm":242365,"minecraft:damage_taken":2583,"minecraft:walk_one_cm":208867,"minecraft:damage_blocked_by_shield":530,"minecraft:drop":31,"minecraft:damage_dealt":4676,"minecraft:swim_one_cm":4871,"minecraft:player_kills":1,"minecraft:fly_one_cm":358045,"minecraft:open_chest":16,"minecraft:crouch_one_cm":76084,"minecraft:play_time":133139,"minecraft:sneak_time":20865,"minecraft:deaths":5,"minecraft:walk_under_water_one_cm":3491,"minecraft:jump":1741,"minecraft:walk_on_water_one_cm":6503,"minecraft:total_world_time":133139,"minecraft:interact_with_smoker":2,"minecraft:fall_one_cm":48630},"minecraft:used":{"minecraft:diorite":30,"minecraft:acacia_trapdoor":2,"minecraft:stone_pickaxe":130,"minecraft:oak_planks":5,"minecraft:chest":1,"minecraft:wooden_pickaxe":6,"minecraft:shield":8,"minecraft:iron_sword":170,"minecraft:bell":4,"minecraft:orange_bed":6,"minecraft:torch":9,"minecraft:dirt":121,"minecraft:red_bed":1,"minecraft:crafting_table":7,"minecraft:white_bed":1,"minecraft:tuff":1,"sophisticatedbackpacks:backpack":2,"minecraft:diamond_pickaxe":15,"minecraft:diamond_shovel":178,"minecraft:iron_pickaxe":548,"minecraft:diamond_chestplate":1,"minecraft:soul_lantern":4,"minecraft:stone_axe":51,"minecraft:cobblestone":54,"minecraft:furnace":9,"minecraft:cooked_porkchop":16,"minecraft:cooked_beef":2,"minecraft:cobbled_deepslate":161}},"DataVersion":3120}