{"stats":{"minecraft:crafted":{"minecraft:smooth_stone":24,"minecraft:furnace":8,"minecraft:blast_furnace":6,"minecraft:stone":32,"minecraft:cooked_mutton":12,"minecraft:iron_boots":2,"minecraft:stone_pickaxe":1,"minecraft:iron_door":3,"minecraft:cooked_beef":8,"minecraft:diamond_sword":1,"minecraft:diamond_axe":1,"minecraft:crafting_table":2,"minecraft:wooden_pickaxe":1,"minecraft:iron_helmet":2,"minecraft:bucket":1,"minecraft:acacia_button":2,"minecraft:stone_axe":1,"minecraft:acacia_boat":1,"minecraft:air":0,"minecraft:diamond_pickaxe":3,"minecraft:shield":1,"minecraft:stick":44,"minecraft:iron_ingot":177,"minecraft:iron_pickaxe":1,"minecraft:iron_leggings":2,"minecraft:white_bed":2,"minecraft:acacia_planks":104,"minecraft:torch":84,"minecraft:diamond_chestplate":2},"minecraft:broken":{"minecraft:stone_pickaxe":1},"minecraft:used":{"minecraft:acacia_log":2,"minecraft:chest":1,"minecraft:torch":22,"minecraft:dirt":1,"minecraft:anvil":1,"minecraft:cracked_deepslate_tiles":2,"minecraft:acacia_sapling":2,"minecraft:acacia_button":2,"minecraft:tuff":11,"minecraft:diamond_chestplate":1,"minecraft:furnace":12,"minecraft:cooked_beef":6,"minecraft:acacia_boat":1,"minecraft:water_bucket":4,"minecraft:stone_pickaxe":133,"minecraft:wooden_pickaxe":7,"minecraft:diamond_axe":10,"minecraft:white_wool":2,"minecraft:crafting_table":4,"minecraft:blast_furnace":6,"minecraft:white_bed":2,"minecraft:diamond_pickaxe":1414,"minecraft:iron_pickaxe":86,"minecraft:iron_door":1,"minecraft:soul_lantern":3,"minecraft:stone_axe":86,"minecraft:diamond_sword":9,"minecraft:cobblestone":5,"minecraft:cooked_porkchop":3,"minecraft:bucket":5},"minecraft:killed_by":{"minecraft:player":1,"apollyon:the_damned":1,"minecraft:skeleton":1},"minecraft:picked_up":{"minecraft:charcoal":5,"minecraft:crafting_table":2,"minecraft:anvil":3,"minecraft:string":1,"minecraft:raw_copper":77,"minecraft:cobbled_deepslate":382,"minecraft:smooth_stone":8,"minecraft:beef":19,"minecraft:sugar_cane":24,"minecraft:chest":1,"minecraft:furnace":13,"minecraft:raw_iron":152,"minecraft:stick":3,"minecraft:stone":22,"minecraft:copper_ingot":48,"minecraft:torch":17,"minecraft:acacia_log":28,"minecraft:porkchop":13,"minecraft:polished_blackstone_bricks":1,"minecraft:diorite":14,"minecraft:deepslate_tile_stairs":1,"minecraft:rotten_flesh":10,"minecraft:arrow":2,"minecraft:cracked_deepslate_bricks":1,"minecraft:obsidian":12,"minecraft:mutton":12,"minecraft:iron_bars":1,"minecraft:white_wool":8,"minecraft:cobblestone":172,"minecraft:cracked_deepslate_tiles":22,"minecraft:andesite":32,"minecraft:leather":14,"minecraft:flint":5,"minecraft:tuff":44,"minecraft:lapis_lazuli":182,"minecraft:dirt":1,"minecraft:bone":2,"minecraft:wheat_seeds":4,"minecraft:acacia_sapling":2,"minecraft:cooked_porkchop":7,"minecraft:gravel":9,"minecraft:blast_furnace":6,"minecraft:white_bed":1,"minecraft:diamond":57,"minecraft:stone_axe":1,"minecraft:soul_lantern":3,"minecraft:cracked_polished_blackstone_bricks":1,"minecraft:granite":73,"minecraft:oak_sapling":2,"minecraft:coal":274},"minecraft:custom":{"minecraft:mob_kills":34,"minecraft:interact_with_anvil":1,"minecraft:interact_with_crafting_table":33,"minecraft:leave_game":2,"minecraft:time_since_death":93353,"minecraft:climb_one_cm":13100,"minecraft:sprint_one_cm":157079,"minecraft:walk_one_cm":251855,"minecraft:drop":20,"minecraft:play_time":122827,"minecraft:deaths":3,"minecraft:sneak_time":7702,"minecraft:walk_under_water_one_cm":11890,"minecraft:boat_one_cm":128505,"minecraft:jump":1374,"minecraft:interact_with_blast_furnace":23,"minecraft:walk_on_water_one_cm":40864,"minecraft:total_world_time":122827,"minecraft:interact_with_furnace":54,"minecraft:sleep_in_bed":1,"minecraft:time_since_rest":77359,"minecraft:damage_taken":1575,"minecraft:trigger_trapped_chest":2,"minecraft:damage_dealt":4611,"minecraft:swim_one_cm":11253,"minecraft:player_kills":2,"minecraft:fly_one_cm":242369,"minecraft:open_chest":21,"minecraft:crouch_one_cm":19676,"minecraft:fall_one_cm":31092},"minecraft:dropped":{"minecraft:wheat_seeds":2,"minecraft:cooked_porkchop":4,"minecraft:cobblestone":69,"minecraft:flint":3,"minecraft:diorite":14,"minecraft:cracked_deepslate_tiles":20,"minecraft:stone_axe":1,"minecraft:cobbled_deepslate":86,"minecraft:smoker":1,"minecraft:diamond_pickaxe":1,"minecraft:andesite":2,"minecraft:oak_sapling":2},"minecraft:killed":{"minecraft:skeleton":2,"minecraft:pig":6,"minecraft:sheep":11,"minecraft:zombie":2,"cave_dweller:cave_dweller":1,"minecraft:cow":12},"minecraft:mined":{"minecraft:tuff":46,"minecraft:white_bed":1,"minecraft:deepslate_diamond_ore":57,"minecraft:sculk_vein":1,"minecraft:obsidian":13,"horror_element_mod:hanging_villager":1,"minecraft:granite":86,"minecraft:acacia_log":27,"minecraft:cracked_polished_blackstone_bricks":1,"minecraft:deepslate_tile_stairs":1,"horror_element_mod:rotten_body":1,"minecraft:polished_blackstone_bricks":1,"minecraft:redstone_ore":4,"minecraft:furnace":13,"horror_element_mod:villager_head":1,"minecraft:iron_ore":98,"minecraft:cobbled_deepslate":20,"minecraft:andesite":32,"minecraft:anvil":3,"minecraft:deepslate_lapis_ore":10,"minecraft:gold_block":1,"minecraft:sculk_shrieker":1,"minecraft:vine":1,"minecraft:deepslate_iron_ore":57,"minecraft:iron_bars":2,"minecraft:stone":372,"horror_element_mod:spider_head":1,"minecraft:acacia_leaves":4,"horror_element_mod:impaled_skeleton":1,"minecraft:soul_lantern":3,"minecraft:crafting_table":3,"minecraft:torch":7,"minecraft:blast_furnace":6,"minecraft:chest":1,"minecraft:copper_ore":16,"minecraft:tall_grass":7,"minecraft:cobblestone":1,"minecraft:deepslate_coal_ore":27,"minecraft:lapis_ore":19,"minecraft:sugar_cane":11,"minecraft:cracked_deepslate_bricks":1,"minecraft:diorite":14,"minecraft:wall_torch":11,"minecraft:amethyst_block":1,"minecraft:chain":1,"minecraft:acacia_sapling":1,"horror_element_mod:spiked_villager":1,"minecraft:grass":21,"minecraft:cracked_deepslate_tiles":14,"minecraft:coal_ore":177,"minecraft:gravel":11,"minecraft:dirt":1,"minecraft:cobweb":1,"minecraft:deepslate":509}},"DataVersion":3120}