{"stats":{"minecraft:mined":{"minecraft:diamond_ore":4,"minecraft:tuff":4,"minecraft:deepslate_diamond_ore":3,"minecraft:sculk_vein":1,"horror_element_mod:hanging_villager":1,"minecraft:ladder":20,"minecraft:granite":9,"minecraft:acacia_log":30,"minecraft:grass_block":216,"minecraft:mangrove_trapdoor":3,"minecraft:furnace":7,"horror_element_mod:villager_head":1,"minecraft:iron_ore":18,"minecraft:cobbled_deepslate":3,"minecraft:barrel":1,"minecraft:andesite":16,"minecraft:deepslate_lapis_ore":4,"minecraft:anvil":1,"horror_element_mod:severed_hand":1,"minecraft:deepslate_iron_ore":46,"minecraft:vine":7,"minecraft:iron_bars":2,"minecraft:stone":225,"minecraft:deepslate_redstone_ore":21,"horror_element_mod:slashed_skull":1,"minecraft:acacia_leaves":7,"minecraft:glass_pane":2,"horror_element_mod:beheaded_body":1,"minecraft:smoker":3,"minecraft:soul_lantern":16,"minecraft:crafting_table":2,"minecraft:torch":8,"horror_element_mod:broken_light":1,"minecraft:blast_furnace":1,"minecraft:tall_grass":7,"minecraft:cobblestone":27,"minecraft:deepslate_gold_ore":3,"minecraft:oak_planks":7,"horror_element_mod:trapped_leg":1,"minecraft:wall_torch":17,"minecraft:tinted_glass":1,"horror_element_mod:spiked_villager":2,"minecraft:grass":424,"minecraft:oak_log":6,"minecraft:coal_ore":23,"minecraft:dripstone_block":1,"minecraft:sand":196,"minecraft:dirt":122,"minecraft:stonecutter":2,"minecraft:gold_ore":14,"minecraft:oak_leaves":1,"minecraft:deepslate":86},"minecraft:killed":{"minecraft:spider":1,"minecraft:skeleton":3,"minecraft:pig":4,"minecraft:sheep":21,"minecraft:zombie":10,"minecraft:cow":12},"minecraft:picked_up":{"minecraft:wooden_axe":1,"minecraft:charcoal":5,"minecraft:crafting_table":4,"minecraft:ladder":21,"minecraft:anvil":1,"minecraft:wooden_pickaxe":3,"minecraft:chain":8,"minecraft:string":2,"minecraft:wooden_sword":1,"horror_element_mod:human_remains":13,"minecraft:cobbled_deepslate":125,"minecraft:detector_rail":8,"minecraft:bucket":5,"minecraft:beef":29,"minecraft:iron_pickaxe":2,"minecraft:light_gray_wool":2,"minecraft:furnace":7,"minecraft:stick":13,"minecraft:raw_iron":65,"minecraft:stone":3,"horror_element_mod:slashed_skull":4,"minecraft:torch":26,"minecraft:acacia_log":29,"minecraft:porkchop":7,"minecraft:redstone":95,"minecraft:mangrove_trapdoor":3,"minecraft:stone_sword":1,"minecraft:rotten_flesh":18,"minecraft:mutton":27,"minecraft:iron_bars":2,"minecraft:rail":30,"minecraft:white_wool":8,"minecraft:cobblestone":260,"minecraft:iron_door":2,"minecraft:glow_ink_sac":4,"minecraft:andesite":18,"minecraft:leather":26,"minecraft:smoker":4,"minecraft:tuff":6,"minecraft:oak_log":6,"horror_element_mod:villager_head":3,"minecraft:lapis_lazuli":25,"minecraft:dirt":402,"minecraft:cooked_mutton":14,"minecraft:glass":43,"minecraft:bone":3,"minecraft:acacia_planks":3,"minecraft:stonecutter":23,"minecraft:wheat_seeds":57,"minecraft:raw_gold":17,"minecraft:stone_pickaxe":3,"minecraft:iron_ingot":1,"minecraft:acacia_sapling":1,"minecraft:stone_hoe":1,"minecraft:iron_sword":1,"minecraft:oak_planks":7,"minecraft:cooked_porkchop":4,"minecraft:dripstone_block":1,"minecraft:sand":243,"minecraft:blast_furnace":2,"minecraft:ink_sac":1,"minecraft:barrel":1,"minecraft:diamond":7,"minecraft:soul_lantern":16,"minecraft:granite":24,"horror_element_mod:trapped_leg":3,"minecraft:gray_wool":1,"horror_element_mod:broken_light":1,"minecraft:oak_sapling":8,"minecraft:black_wool":2,"minecraft:coal":43,"minecraft:diamond_pickaxe":4},"minecraft:broken":{"minecraft:stone_sword":1,"minecraft:stone_pickaxe":1,"minecraft:wooden_sword":1,"minecraft:stone_shovel":2},"minecraft:dropped":{"horror_element_mod:trapped_leg":1,"minecraft:wheat_seeds":9,"minecraft:glow_ink_sac":2,"minecraft:crafting_table":1,"minecraft:cobblestone":25,"minecraft:granite":10,"minecraft:rail":29,"horror_element_mod:slashed_skull":2,"minecraft:dirt":73,"horror_element_mod:villager_head":1,"minecraft:wooden_axe":2,"minecraft:chain":8,"minecraft:wooden_sword":2,"minecraft:stonecutter":14,"minecraft:iron_pickaxe":2,"minecraft:bucket":5,"minecraft:acacia_planks":12,"minecraft:bone":2,"minecraft:detector_rail":8,"minecraft:stone_sword":1,"minecraft:tuff":4,"minecraft:stone_shovel":1,"minecraft:rotten_flesh":14,"minecraft:light_gray_wool":1,"minecraft:blast_furnace":1,"minecraft:diamond_pickaxe":2,"horror_element_mod:human_remains":9,"minecraft:andesite":16,"minecraft:oak_sapling":8,"minecraft:acacia_sapling":1,"minecraft:glass":26,"minecraft:wooden_pickaxe":5,"minecraft:stone_pickaxe":4,"minecraft:black_wool":2},"minecraft:crafted":{"minecraft:wooden_sword":2,"minecraft:smooth_stone":6,"minecraft:oak_planks":24,"minecraft:stone_shovel":3,"minecraft:furnace":6,"minecraft:blast_furnace":2,"minecraft:stone":8,"minecraft:heavy_weighted_pressure_plate":1,"minecraft:cooked_mutton":13,"minecraft:glass_pane":112,"minecraft:glass":26,"minecraft:ladder":54,"minecraft:stone_pickaxe":3,"minecraft:chest":4,"minecraft:iron_door":3,"minecraft:stone_hoe":1,"minecraft:cooked_beef":29,"minecraft:cooked_porkchop":7,"minecraft:crafting_table":3,"minecraft:wooden_pickaxe":2,"minecraft:iron_sword":1,"minecraft:bucket":5,"minecraft:acacia_button":1,"minecraft:stone_axe":1,"minecraft:stick":160,"minecraft:iron_ingot":89,"minecraft:iron_pickaxe":1,"minecraft:wooden_axe":1,"minecraft:stone_sword":1,"minecraft:iron_shovel":1,"minecraft:acacia_planks":116,"minecraft:torch":4},"minecraft:killed_by":{"minecraft:player":1,"minecraft:creeper":2,"siren_head:siren_head":1,"mimic_dweller:mimic_dweller":2,"apollyon:the_damned":3,"minecraft:skeleton":3,"the_one_who_watches:toww_running":1,"minecraft:zombie":3,"cave_dweller:cave_dweller":2},"minecraft:custom":{"minecraft:mob_kills":52,"minecraft:interact_with_crafting_table":42,"minecraft:open_barrel":8,"minecraft:time_since_death":16310,"minecraft:climb_one_cm":46999,"minecraft:sprint_one_cm":475782,"minecraft:walk_one_cm":461338,"minecraft:drop":98,"minecraft:play_time":158255,"minecraft:sneak_time":5313,"minecraft:deaths":18,"minecraft:walk_under_water_one_cm":3381,"minecraft:jump":2516,"minecraft:interact_with_blast_furnace":14,"minecraft:walk_on_water_one_cm":17474,"minecraft:total_world_time":158255,"minecraft:interact_with_furnace":72,"minecraft:sleep_in_bed":1,"minecraft:time_since_rest":16348,"minecraft:damage_taken":6346,"minecraft:trigger_trapped_chest":1,"minecraft:damage_dealt":6317,"minecraft:swim_one_cm":8870,"minecraft:fly_one_cm":285494,"minecraft:open_chest":60,"minecraft:crouch_one_cm":20368,"minecraft:interact_with_smoker":2,"minecraft:fall_one_cm":55260},"minecraft:used":{"minecraft:stone_sword":130,"minecraft:iron_shovel":1,"minecraft:stone_shovel":673,"minecraft:ladder":75,"minecraft:chest":4,"minecraft:iron_sword":105,"minecraft:stone_hoe":68,"minecraft:torch":44,"minecraft:dirt":329,"minecraft:anvil":1,"minecraft:tuff":2,"minecraft:acacia_button":1,"minecraft:granite":6,"minecraft:wooden_axe":29,"minecraft:barrel":1,"minecraft:furnace":11,"minecraft:cobbled_deepslate":24,"minecraft:cooked_mutton":20,"horror_element_mod:broken_light":1,"minecraft:stone_pickaxe":241,"minecraft:wooden_pickaxe":52,"minecraft:mangrove_trapdoor":3,"minecraft:crafting_table":6,"minecraft:blast_furnace":3,"minecraft:dripstone_block":1,"minecraft:smoker":3,"minecraft:heavy_weighted_pressure_plate":1,"minecraft:bread":2,"minecraft:string":1,"minecraft:iron_pickaxe":274,"minecraft:iron_door":1,"minecraft:stone_axe":38,"minecraft:wooden_sword":87,"minecraft:cobblestone":175,"minecraft:cooked_porkchop":4,"minecraft:glass_pane":52}},"DataVersion":3120}