{"stats":{"minecraft:crafted":{"minecraft:wooden_sword":2,"minecraft:oak_planks":24,"minecraft:stone_shovel":3,"minecraft:furnace":2,"minecraft:heavy_weighted_pressure_plate":1,"minecraft:cooked_mutton":13,"minecraft:ladder":54,"minecraft:stone_pickaxe":3,"minecraft:chest":4,"minecraft:iron_door":3,"minecraft:stone_hoe":1,"minecraft:cooked_porkchop":7,"minecraft:crafting_table":2,"minecraft:wooden_pickaxe":2,"minecraft:iron_sword":1,"minecraft:bucket":5,"minecraft:acacia_button":1,"minecraft:stone_axe":1,"minecraft:stick":160,"minecraft:iron_ingot":89,"minecraft:iron_pickaxe":1,"minecraft:wooden_axe":1,"minecraft:stone_sword":1,"minecraft:acacia_planks":116,"minecraft:torch":4},"minecraft:broken":{"minecraft:stone_sword":1,"minecraft:stone_pickaxe":1,"minecraft:wooden_sword":1,"minecraft:stone_shovel":1},"minecraft:used":{"minecraft:stone_sword":130,"minecraft:stone_shovel":655,"minecraft:ladder":75,"minecraft:chest":4,"minecraft:iron_sword":70,"minecraft:stone_hoe":68,"minecraft:torch":39,"minecraft:dirt":304,"minecraft:anvil":1,"minecraft:acacia_button":1,"minecraft:tuff":2,"minecraft:granite":6,"minecraft:wooden_axe":29,"minecraft:barrel":1,"minecraft:furnace":7,"minecraft:cobbled_deepslate":24,"minecraft:cooked_mutton":16,"horror_element_mod:broken_light":1,"minecraft:stone_pickaxe":241,"minecraft:wooden_pickaxe":52,"minecraft:mangrove_trapdoor":3,"minecraft:crafting_table":5,"minecraft:dripstone_block":1,"minecraft:smoker":1,"minecraft:heavy_weighted_pressure_plate":1,"minecraft:bread":2,"minecraft:iron_pickaxe":256,"minecraft:iron_door":1,"minecraft:stone_axe":38,"minecraft:wooden_sword":87,"minecraft:cobblestone":164,"minecraft:cooked_porkchop":4},"minecraft:killed_by":{"minecraft:player":1,"minecraft:creeper":2,"siren_head:siren_head":1,"apollyon:the_damned":3,"mimic_dweller:mimic_dweller":2,"minecraft:skeleton":3,"the_one_who_watches:toww_running":1,"minecraft:zombie":3,"cave_dweller:cave_dweller":2},"minecraft:picked_up":{"minecraft:wooden_axe":1,"minecraft:charcoal":5,"minecraft:crafting_table":4,"minecraft:ladder":21,"minecraft:anvil":1,"minecraft:wooden_pickaxe":3,"minecraft:chain":8,"minecraft:string":2,"minecraft:wooden_sword":1,"horror_element_mod:human_remains":13,"minecraft:cobbled_deepslate":125,"minecraft:detector_rail":8,"minecraft:bucket":5,"minecraft:beef":29,"minecraft:iron_pickaxe":2,"minecraft:light_gray_wool":2,"minecraft:furnace":5,"minecraft:raw_iron":65,"minecraft:stick":13,"horror_element_mod:slashed_skull":4,"minecraft:torch":23,"minecraft:acacia_log":29,"minecraft:porkchop":7,"minecraft:redstone":95,"minecraft:mangrove_trapdoor":3,"minecraft:stone_sword":1,"minecraft:rotten_flesh":16,"minecraft:mutton":27,"minecraft:iron_bars":2,"minecraft:white_wool":8,"minecraft:rail":30,"minecraft:cobblestone":233,"minecraft:iron_door":2,"minecraft:glow_ink_sac":4,"minecraft:andesite":18,"minecraft:leather":26,"minecraft:smoker":3,"minecraft:tuff":6,"minecraft:oak_log":6,"horror_element_mod:villager_head":3,"minecraft:lapis_lazuli":25,"minecraft:dirt":377,"minecraft:cooked_mutton":14,"minecraft:glass":17,"minecraft:bone":2,"minecraft:acacia_planks":3,"minecraft:stonecutter":23,"minecraft:wheat_seeds":54,"minecraft:raw_gold":17,"minecraft:iron_ingot":1,"minecraft:stone_pickaxe":3,"minecraft:iron_sword":1,"minecraft:stone_hoe":1,"minecraft:acacia_sapling":1,"minecraft:oak_planks":7,"minecraft:cooked_porkchop":4,"minecraft:dripstone_block":1,"minecraft:sand":243,"minecraft:ink_sac":1,"minecraft:blast_furnace":1,"minecraft:barrel":1,"minecraft:diamond":7,"minecraft:soul_lantern":16,"horror_element_mod:trapped_leg":3,"minecraft:granite":24,"minecraft:gray_wool":1,"horror_element_mod:broken_light":1,"minecraft:oak_sapling":8,"minecraft:black_wool":2,"minecraft:coal":38,"minecraft:diamond_pickaxe":4},"minecraft:custom":{"minecraft:mob_kills":50,"minecraft:interact_with_crafting_table":24,"minecraft:open_barrel":8,"minecraft:time_since_death":3685,"minecraft:climb_one_cm":46999,"minecraft:sprint_one_cm":433403,"minecraft:walk_one_cm":409473,"minecraft:drop":96,"minecraft:play_time":145630,"minecraft:deaths":18,"minecraft:sneak_time":4746,"minecraft:walk_under_water_one_cm":3381,"minecraft:jump":2351,"minecraft:interact_with_blast_furnace":12,"minecraft:walk_on_water_one_cm":17474,"minecraft:total_world_time":145630,"minecraft:interact_with_furnace":52,"minecraft:sleep_in_bed":1,"minecraft:time_since_rest":3723,"minecraft:damage_taken":6267,"minecraft:trigger_trapped_chest":1,"minecraft:damage_dealt":5815,"minecraft:swim_one_cm":8870,"minecraft:fly_one_cm":268407,"minecraft:open_chest":42,"minecraft:crouch_one_cm":17362,"minecraft:interact_with_smoker":1,"minecraft:fall_one_cm":52994},"minecraft:dropped":{"horror_element_mod:trapped_leg":1,"minecraft:wheat_seeds":9,"minecraft:glow_ink_sac":2,"minecraft:crafting_table":1,"minecraft:cobblestone":25,"minecraft:granite":10,"horror_element_mod:slashed_skull":2,"minecraft:rail":29,"minecraft:dirt":73,"horror_element_mod:villager_head":1,"minecraft:wooden_axe":2,"minecraft:chain":8,"minecraft:wooden_sword":2,"minecraft:stonecutter":14,"minecraft:iron_pickaxe":2,"minecraft:bucket":5,"minecraft:acacia_planks":12,"minecraft:bone":2,"minecraft:stone_sword":1,"minecraft:detector_rail":8,"minecraft:tuff":4,"minecraft:stone_shovel":1,"minecraft:rotten_flesh":14,"minecraft:light_gray_wool":1,"minecraft:diamond_pickaxe":2,"horror_element_mod:human_remains":9,"minecraft:andesite":16,"minecraft:oak_sapling":8,"minecraft:acacia_sapling":1,"minecraft:wooden_pickaxe":5,"minecraft:stone_pickaxe":4,"minecraft:black_wool":2},"minecraft:killed":{"minecraft:spider":1,"minecraft:skeleton":2,"minecraft:pig":4,"minecraft:sheep":21,"minecraft:zombie":9,"minecraft:cow":12},"minecraft:mined":{"minecraft:diamond_ore":4,"minecraft:tuff":4,"minecraft:deepslate_diamond_ore":3,"minecraft:sculk_vein":1,"horror_element_mod:hanging_villager":1,"minecraft:ladder":20,"minecraft:granite":9,"minecraft:acacia_log":30,"minecraft:grass_block":191,"minecraft:mangrove_trapdoor":3,"minecraft:furnace":5,"horror_element_mod:villager_head":1,"minecraft:barrel":1,"minecraft:iron_ore":18,"minecraft:cobbled_deepslate":3,"minecraft:andesite":16,"minecraft:anvil":1,"minecraft:deepslate_lapis_ore":4,"horror_element_mod:severed_hand":1,"minecraft:vine":7,"minecraft:deepslate_iron_ore":46,"minecraft:iron_bars":2,"minecraft:stone":221,"minecraft:deepslate_redstone_ore":21,"horror_element_mod:slashed_skull":1,"minecraft:acacia_leaves":7,"horror_element_mod:beheaded_body":1,"minecraft:smoker":2,"minecraft:soul_lantern":16,"minecraft:crafting_table":2,"minecraft:torch":7,"horror_element_mod:broken_light":1,"minecraft:blast_furnace":1,"minecraft:cobblestone":17,"minecraft:tall_grass":7,"minecraft:deepslate_gold_ore":3,"minecraft:oak_planks":7,"horror_element_mod:trapped_leg":1,"minecraft:wall_torch":14,"minecraft:tinted_glass":1,"horror_element_mod:spiked_villager":2,"minecraft:grass":391,"minecraft:coal_ore":23,"minecraft:oak_log":6,"minecraft:sand":196,"minecraft:dripstone_block":1,"minecraft:dirt":122,"minecraft:stonecutter":2,"minecraft:gold_ore":14,"minecraft:oak_leaves":1,"minecraft:deepslate":86}},"DataVersion":3120}