{"stats":{"minecraft:crafted":{"minecraft:stone_shovel":1,"minecraft:crafting_table":2,"minecraft:wooden_pickaxe":1,"minecraft:furnace":2,"minecraft:stone_axe":1,"minecraft:bread":51,"minecraft:air":0,"minecraft:shield":1,"minecraft:stick":40,"minecraft:iron_ingot":8,"minecraft:stone_pickaxe":5,"minecraft:chest":4,"minecraft:acacia_planks":104,"minecraft:torch":72,"minecraft:wheat":153},"minecraft:used":{"minecraft:diorite":2,"minecraft:acacia_log":1,"minecraft:stone_shovel":21,"minecraft:stone_pickaxe":588,"minecraft:shield":17,"minecraft:chest":4,"minecraft:wooden_pickaxe":13,"minecraft:cooked_chicken":1,"minecraft:torch":68,"minecraft:dirt":5,"minecraft:crafting_table":5,"minecraft:acacia_sapling":1,"minecraft:chicken":1,"minecraft:bread":18,"minecraft:stone_axe":106,"minecraft:cobblestone":13,"minecraft:furnace":4,"minecraft:egg":1,"minecraft:cooked_beef":1,"minecraft:acacia_planks":53},"minecraft:broken":{"minecraft:stone_pickaxe":4},"minecraft:killed_by":{"man:managgresive":1,"minecraft:skeleton":3,"the_one_who_watches:toww_running":1,"cave_dweller:cave_dweller":1},"minecraft:picked_up":{"minecraft:crafting_table":3,"minecraft:wheat":1,"minecraft:feather":7,"minecraft:cooked_beef":1,"minecraft:chicken":5,"minecraft:andesite":57,"minecraft:leather":8,"minecraft:acacia_wood":2,"minecraft:flint":5,"minecraft:dirt":22,"minecraft:raw_copper":13,"minecraft:bone":2,"minecraft:acacia_planks":43,"minecraft:wheat_seeds":7,"minecraft:beef":14,"minecraft:cooked_chicken":1,"minecraft:chest":1,"minecraft:acacia_sapling":1,"minecraft:egg":4,"minecraft:furnace":2,"minecraft:raw_iron":25,"minecraft:torch":2,"minecraft:acacia_log":27,"minecraft:gravel":31,"minecraft:pointed_dripstone":17,"minecraft:diorite":2,"minecraft:acacia_stairs":3,"minecraft:rotten_flesh":4,"minecraft:arrow":2,"minecraft:sugar":1,"minecraft:hay_block":17,"minecraft:granite":67,"minecraft:yellow_terracotta":3,"minecraft:bread":4,"minecraft:black_wool":1,"minecraft:melon_seeds":1,"minecraft:mutton":8,"minecraft:coal":81,"minecraft:white_wool":3,"minecraft:cobblestone":337},"minecraft:custom":{"minecraft:interact_with_furnace":19,"minecraft:mob_kills":20,"minecraft:interact_with_crafting_table":19,"minecraft:time_since_death":3057,"minecraft:time_since_rest":3272,"minecraft:sprint_one_cm":168822,"minecraft:damage_taken":2490,"minecraft:walk_one_cm":128417,"minecraft:damage_blocked_by_shield":830,"minecraft:drop":2,"minecraft:damage_dealt":2501,"minecraft:swim_one_cm":5537,"minecraft:fly_one_cm":244567,"minecraft:open_chest":12,"minecraft:crouch_one_cm":17156,"minecraft:play_time":55705,"minecraft:deaths":6,"minecraft:sneak_time":6344,"minecraft:walk_under_water_one_cm":1648,"minecraft:jump":1063,"minecraft:walk_on_water_one_cm":7510,"minecraft:total_world_time":55705,"minecraft:fall_one_cm":31370},"minecraft:dropped":{"minecraft:wheat":1,"minecraft:wooden_pickaxe":1},"minecraft:killed":{"minecraft:witch":1,"minecraft:sheep":5,"minecraft:skeleton":1,"minecraft:chicken":5,"minecraft:cow":6},"minecraft:mined":{"minecraft:yellow_terracotta":3,"minecraft:acacia_leaves":3,"minecraft:glass_pane":1,"minecraft:crafting_table":3,"minecraft:torch":3,"minecraft:granite":67,"minecraft:acacia_log":29,"minecraft:grass_block":12,"minecraft:chest":1,"minecraft:copper_ore":4,"minecraft:cobblestone":3,"minecraft:diorite":2,"minecraft:hay_block":17,"minecraft:furnace":2,"minecraft:iron_ore":20,"minecraft:acacia_wood":2,"minecraft:acacia_stairs":3,"minecraft:andesite":57,"horror_element_mod:human_remains":1,"minecraft:grass":37,"minecraft:pointed_dripstone":5,"minecraft:coal_ore":83,"minecraft:deepslate_iron_ore":5,"minecraft:dirt_path":1,"minecraft:gravel":21,"minecraft:dirt":11,"minecraft:acacia_planks":13,"minecraft:stone":335}},"DataVersion":3120}