{"stats":{"minecraft:dropped":{"minecraft:bread":4,"minecraft:wheat_seeds":19,"minecraft:cooked_beef":1,"minecraft:stick":1,"minecraft:mutton":1,"minecraft:wooden_axe":1,"minecraft:string":2,"minecraft:acacia_planks":30,"minecraft:bone":3,"minecraft:cooked_chicken":1,"minecraft:cobbled_deepslate":4,"minecraft:wheat":2,"minecraft:pointed_dripstone":1,"minecraft:gunpowder":2,"minecraft:andesite":2,"minecraft:oak_sapling":2},"minecraft:killed_by":{"minecraft:creeper":2,"apollyon:the_damned":3,"mimic_dweller:mimic_dweller":1,"the_one_who_watches:toww_running":3,"minecraft:witch":1,"cave_dweller:cave_dweller":1},"minecraft:custom":{"minecraft:mob_kills":74,"minecraft:interact_with_crafting_table":29,"minecraft:bell_ring":8,"minecraft:leave_game":9,"minecraft:time_since_death":23478,"minecraft:climb_one_cm":4090,"minecraft:sprint_one_cm":728711,"minecraft:walk_one_cm":244422,"minecraft:damage_blocked_by_shield":608,"minecraft:drop":24,"minecraft:talked_to_villager":13,"minecraft:play_time":190550,"minecraft:deaths":11,"minecraft:sneak_time":12628,"minecraft:walk_under_water_one_cm":8049,"minecraft:jump":4445,"minecraft:walk_on_water_one_cm":39893,"minecraft:total_world_time":190550,"minecraft:interact_with_furnace":113,"minecraft:interact_with_grindstone":1,"minecraft:sleep_in_bed":2,"minecraft:time_since_rest":23497,"minecraft:damage_taken":6281,"minecraft:trigger_trapped_chest":4,"minecraft:damage_dealt":9683,"minecraft:swim_one_cm":27467,"minecraft:fly_one_cm":867495,"minecraft:open_chest":14,"minecraft:crouch_one_cm":30458,"minecraft:fall_one_cm":143040},"minecraft:mined":{"minecraft:oak_sapling":1,"minecraft:deepslate_diamond_ore":8,"minecraft:granite":3,"minecraft:acacia_log":54,"minecraft:grass_block":8,"minecraft:furnace":5,"minecraft:iron_ore":51,"minecraft:cobbled_deepslate":1,"minecraft:fire":4,"minecraft:andesite":1,"minecraft:deepslate_lapis_ore":18,"minecraft:gold_block":1,"minecraft:polished_deepslate":1,"minecraft:pointed_dripstone":1,"minecraft:deepslate_iron_ore":18,"minecraft:dirt_path":1,"horror_element_mod:crucified_body":1,"minecraft:stone":116,"minecraft:acacia_leaves":13,"minecraft:crafting_table":7,"minecraft:torch":3,"minecraft:tall_grass":3,"minecraft:lapis_ore":15,"minecraft:deepslate_gold_ore":31,"minecraft:sugar_cane":1,"minecraft:diorite":1,"minecraft:wall_torch":3,"minecraft:wheat":27,"horror_element_mod:human_remains":1,"minecraft:grass":35,"minecraft:oak_log":29,"minecraft:coal_ore":93,"minecraft:dirt":12,"minecraft:acacia_planks":2,"minecraft:gold_ore":8,"minecraft:oak_leaves":2,"minecraft:deepslate":31},"minecraft:used":{"minecraft:iron_bars":1,"minecraft:polished_deepslate":1,"minecraft:shield":22,"minecraft:rotten_flesh":8,"minecraft:torch":182,"minecraft:dirt":14,"minecraft:mutton":5,"minecraft:carrot":2,"minecraft:acacia_sapling":3,"minecraft:granite":3,"minecraft:wooden_axe":30,"horror_element_mod:human_remains":2,"minecraft:iron_axe":125,"minecraft:beef":1,"minecraft:oak_sapling":3,"minecraft:furnace":7,"minecraft:egg":1,"minecraft:cooked_beef":29,"minecraft:acacia_planks":10,"minecraft:cobbled_deepslate":19,"minecraft:wheat_seeds":27,"minecraft:cooked_mutton":9,"minecraft:diorite":1,"minecraft:stone_pickaxe":201,"minecraft:wooden_pickaxe":4,"minecraft:crafting_table":9,"minecraft:white_bed":1,"minecraft:bread":2,"minecraft:iron_pickaxe":204,"minecraft:stone_axe":118,"minecraft:cobblestone":91,"minecraft:cooked_porkchop":7,"minecraft:chain":1,"minecraft:andesite":1},"minecraft:killed":{"minecraft:witch":1,"minecraft:spider":4,"minecraft:skeleton":11,"minecraft:pig":18,"minecraft:salmon":1,"minecraft:creeper":2,"minecraft:sheep":14,"minecraft:zombie":5,"minecraft:cow":16},"minecraft:broken":{"minecraft:stone_pickaxe":1,"minecraft:stone_axe":1},"minecraft:crafted":{"minecraft:oak_planks":72,"minecraft:cooked_chicken":1,"minecraft:furnace":2,"minecraft:cooked_mutton":8,"minecraft:iron_boots":1,"minecraft:iron_axe":1,"minecraft:stone_pickaxe":2,"minecraft:cooked_beef":30,"minecraft:cooked_porkchop":27,"minecraft:crafting_table":2,"minecraft:wooden_pickaxe":1,"minecraft:iron_helmet":1,"minecraft:stone_axe":2,"minecraft:bread":9,"minecraft:air":0,"minecraft:iron_chestplate":1,"minecraft:charcoal":6,"minecraft:shield":1,"minecraft:stick":60,"minecraft:iron_ingot":58,"minecraft:iron_pickaxe":1,"minecraft:wooden_axe":1,"minecraft:iron_leggings":1,"minecraft:gold_ingot":20,"minecraft:white_bed":1,"minecraft:acacia_planks":124,"minecraft:torch":180},"minecraft:picked_up":{"minecraft:wooden_axe":1,"minecraft:charcoal":2,"minecraft:crafting_table":7,"minecraft:wheat":29,"minecraft:gold_block":1,"minecraft:chain":1,"minecraft:polished_deepslate":1,"minecraft:string":2,"minecraft:cobbled_deepslate":30,"minecraft:beef":31,"minecraft:egg":2,"minecraft:furnace":5,"minecraft:stick":2,"minecraft:raw_iron":69,"minecraft:torch":8,"minecraft:acacia_log":52,"minecraft:porkchop":37,"minecraft:pointed_dripstone":1,"minecraft:diorite":1,"minecraft:carrot":1,"minecraft:rotten_flesh":16,"minecraft:arrow":11,"minecraft:mutton":21,"minecraft:iron_bars":1,"minecraft:white_wool":14,"minecraft:cobblestone":119,"minecraft:andesite":3,"minecraft:leather":16,"minecraft:oak_log":29,"minecraft:gunpowder":4,"minecraft:lapis_lazuli":220,"minecraft:dirt":16,"minecraft:cooked_mutton":1,"minecraft:bone":13,"minecraft:acacia_planks":2,"minecraft:wheat_seeds":76,"minecraft:raw_gold":39,"minecraft:acacia_sapling":3,"minecraft:cooked_porkchop":1,"minecraft:diamond":8,"minecraft:granite":3,"minecraft:bone_meal":1,"minecraft:oak_sapling":5,"minecraft:coal":139}},"DataVersion":3120}