{"stats":{"minecraft:used":{"minecraft:wooden_axe":9,"minecraft:crafting_table":1,"minecraft:acacia_sapling":1},"minecraft:mined":{"minecraft:grass":2,"minecraft:grass_block":1,"minecraft:acacia_log":6,"minecraft:oak_log":6,"minecraft:acacia_leaves":6,"minecraft:crafting_table":1,"minecraft:oak_leaves":1},"minecraft:custom":{"minecraft:time_since_rest":2838,"minecraft:crouch_one_cm":918,"minecraft:play_time":2838,"minecraft:sprint_one_cm":1740,"minecraft:damage_taken":140,"minecraft:walk_one_cm":3837,"minecraft:sneak_time":452,"minecraft:jump":16,"minecraft:leave_game":1,"minecraft:time_since_death":2838,"minecraft:total_world_time":2838,"minecraft:interact_with_crafting_table":2,"minecraft:fall_one_cm":2397,"minecraft:fly_one_cm":1556},"minecraft:crafted":{"minecraft:oak_planks":24,"minecraft:acacia_planks":24,"minecraft:crafting_table":1,"minecraft:stick":4,"minecraft:wooden_pickaxe":1,"minecraft:wooden_axe":1},"minecraft:picked_up":{"minecraft:crafting_table":1,"minecraft:acacia_log":6,"minecraft:oak_log":6,"minecraft:acacia_sapling":1}},"DataVersion":3120}