{"stats":{"minecraft:custom":{"minecraft:time_since_rest":992,"minecraft:crouch_one_cm":3626,"minecraft:play_time":6674,"minecraft:sprint_one_cm":19807,"minecraft:deaths":1,"minecraft:damage_taken":345,"minecraft:walk_one_cm":19318,"minecraft:sneak_time":1006,"minecraft:walk_under_water_one_cm":135,"minecraft:drop":2,"minecraft:jump":155,"minecraft:damage_dealt":85,"minecraft:walk_on_water_one_cm":442,"minecraft:time_since_death":867,"minecraft:total_world_time":6674,"minecraft:swim_one_cm":1927,"minecraft:interact_with_crafting_table":2,"minecraft:fall_one_cm":5365,"minecraft:fly_one_cm":33127},"minecraft:crafted":{"minecraft:acacia_planks":84,"minecraft:crafting_table":1,"minecraft:stick":12,"minecraft:wooden_pickaxe":1,"minecraft:wooden_axe":1},"minecraft:mined":{"minecraft:grass":5,"minecraft:acacia_log":28,"minecraft:acacia_leaves":4,"minecraft:crafting_table":1},"minecraft:used":{"minecraft:wooden_axe":13,"minecraft:crafting_table":1,"minecraft:acacia_sapling":1,"minecraft:acacia_planks":17},"minecraft:picked_up":{"minecraft:stick":1,"minecraft:crafting_table":1,"minecraft:acacia_log":25,"minecraft:wheat_seeds":4,"minecraft:acacia_sapling":1},"minecraft:killed_by":{"apollyon:the_damned":1},"minecraft:dropped":{"minecraft:wheat_seeds":4}},"DataVersion":3120}